City,Country,Lat,Long,Cloudiness,Humidity,Max Temp,Wind Speed,Date
atuona,PF,-9.8,-139.03,0,75,78.31,21.39,1607615923
katherine,AU,-14.47,132.27,40,69,82.4,10.29,1607615923
hermanus,ZA,-34.42,19.23,15,69,69.01,5.99,1607615923
avarua,CK,-21.21,-159.78,21,83,78.8,8.05,1607615923
manokwari,ID,-0.87,134.08,74,76,80.67,1.43,1607615923
rikitea,PF,-23.12,-134.97,54,79,76.68,12.66,1607615924
arraial do cabo,BR,-22.84,-46.65,75,51,82.4,5.82,1607615924
port alfred,CD,-7.03,29.76,100,72,76.08,2.82,1607615924
punta arenas,PH,8.99,125.34,12,87,76.91,5.35,1607615924
mormugao,IN,15.4,73.8,75,83,82.4,4.7,1607615924
joetsu,JP,37.15,138.24,100,82,46.99,7.11,1607615924
tuktoyaktuk,CA,69.45,-133.04,90,83,-13.0,12.75,1607615925
honiara,SB,-9.43,159.95,20,100,77.0,3.36,1607615925
leningradskiy,RU,69.38,178.42,0,89,-0.02,6.35,1607615925
komsomolskiy,UZ,40.43,71.72,40,80,33.8,4.7,1607615925
vaini,TO,-21.2,-175.2,20,88,75.2,8.05,1607615925
aklavik,CA,68.22,-135.01,90,77,-2.2,3.36,1607615925
bluff,NZ,-46.6,168.33,100,94,44.01,8.01,1607615926
cheyenne,US,41.14,-104.82,1,68,30.2,8.05,1607615862
tiksi,RU,71.69,128.87,98,86,-22.97,6.67,1607615926
ilulissat,GL,69.22,-51.1,40,44,19.4,3.36,1607615926
suntar,RU,62.14,117.63,92,83,-31.97,2.19,1607615926
najran,SA,17.49,44.13,0,21,71.6,6.93,1607615927
kropotkin,RU,45.44,40.58,0,83,35.26,15.75,1607615927
ushuaia,AR,-54.8,-68.3,75,58,57.2,5.82,1607615927
isangel,VU,-19.55,169.27,100,84,78.69,13.53,1607615927
mitzic,GA,0.78,11.55,81,74,79.84,3.31,1607615927
qaanaaq,GL,77.48,-69.36,100,91,9.48,3.11,1607615928
torbay,CA,47.67,-52.73,75,87,39.99,12.75,1607615928
college,US,64.86,-147.8,90,77,1.99,0.92,1607615928
hilo,US,19.73,-155.09,75,77,69.8,4.7,1607615928
cape town,CL,-36.41,-71.9,40,39,66.2,8.05,1607615928
bonfim,BR,3.08,-59.95,83,52,89.44,9.57,1607615928
albany,US,42.6,-73.97,62,57,41.0,3.0,1607615929
katsuura,JP,35.13,140.3,40,93,48.2,3.36,1607615929
jamestown,US,42.1,-79.24,90,80,39.0,4.7,1607615929
nikolskoye,RU,59.7,30.79,0,67,21.0,8.95,1607615929
mataura,NZ,-46.19,168.86,100,94,44.01,8.01,1607615929
hofn,IS,64.25,-15.21,75,87,44.6,16.11,1607615929
bilibino,RU,68.05,166.44,93,80,-6.97,3.36,1607615930
weiser,US,44.25,-116.97,1,79,19.4,3.36,1607615930
kuzhener,RU,56.81,48.91,0,87,14.9,4.29,1607615930
bredasdorp,ZA,-34.53,20.04,45,60,71.6,11.41,1607615930
puerto escondido,ES,36.59,-6.23,40,88,64.4,17.22,1607615930
puerto ayora,ES,36.59,-6.23,40,88,64.4,17.22,1607615930
port elizabeth,CD,-7.03,29.76,100,72,76.08,2.82,1607615931
estelle,US,29.85,-90.11,20,93,66.99,4.7,1607615931
castro,BR,-24.79,-50.01,50,68,74.39,1.43,1607615646
hobart,AU,-42.88,147.33,90,66,48.2,8.05,1607615931
okha,RU,53.57,142.95,93,96,8.47,6.85,1607615932
makarov,RU,48.63,142.8,7,89,20.52,4.07,1607615932
ancud,CL,-41.87,-73.82,75,67,64.0,11.41,1607615932
cidreira,BR,-30.18,-50.21,6,70,74.14,10.11,1607615932
salina,US,38.84,-97.61,1,80,35.6,3.36,1607615932
sangar,RU,63.92,127.47,94,81,-41.89,2.89,1607615933
west bay,US,31.8,-97.09,5,44,57.2,5.82,1607615933
padang,ID,-0.95,100.35,90,74,76.32,4.88,1607615658
chuy,UY,-33.7,-53.46,0,45,84.2,6.35,1607615933
half moon bay,LR,6.38,-10.7,75,79,84.2,5.82,1607615933
puerto penasco,ES,36.59,-6.23,40,88,64.4,17.22,1607615934
barrow,US,71.29,-156.79,90,77,-2.2,11.41,1607615934
ponta do sol,PT,38.73,-28.27,75,93,64.4,17.22,1607615934
iquitos,PE,-3.75,-73.25,40,70,86.0,6.93,1607615934
pevek,RU,69.7,170.31,65,89,-1.75,6.89,1607615934
faanui,PF,-16.48,-151.75,100,76,79.2,14.12,1607615934
caraballeda,VE,10.61,-66.85,20,61,78.01,4.0,1607615935
guerrero negro,MX,17.67,-100.0,0,54,76.42,1.63,1607615935
busselton,AU,-33.65,115.33,30,59,73.0,3.0,1607615935
cayenne,GF,4.93,-52.33,75,66,87.8,13.87,1607615686
kapaa,US,22.08,-159.32,90,100,71.6,3.36,1607615935
dong hoi,CM,4.89,12.01,76,37,88.63,0.69,1607615935
bethel,US,41.37,-73.41,1,60,45.0,6.93,1607615936
porirua,NZ,-41.13,174.85,12,87,60.01,3.0,1607615936
palana,RU,59.12,159.97,100,98,15.33,4.65,1607615936
east london,IS,65.0,-15.0,90,93,37.4,4.7,1607615936
baicoi,RO,45.03,25.85,100,82,46.0,2.59,1607615937
chokurdakh,RU,70.63,147.92,67,86,-28.03,7.05,1607615937
thompson,CA,55.74,-97.86,20,84,1.4,5.82,1607615925
teguise,ES,29.06,-13.56,75,60,69.8,18.34,1607615937
port lincoln,CD,-7.03,29.76,100,72,76.08,2.82,1607615924
avera,US,33.19,-82.53,1,62,55.4,3.36,1607615938
cherskiy,RU,68.75,161.3,100,86,1.89,5.14,1607615938
kaniama,CD,-7.57,24.18,88,88,68.63,2.15,1607615938
pacific grove,US,38.48,-90.74,1,86,51.01,2.26,1607615938
hamilton,US,39.18,-84.53,75,70,48.0,5.82,1607615745
severo-kurilsk,RU,50.68,156.12,92,90,26.19,17.29,1607615939
ostersund,SE,63.18,14.64,75,92,33.01,12.75,1607615935
kalmunai,LK,7.42,81.82,64,80,77.34,8.34,1607615768
port-cartier,CA,50.03,-66.87,100,86,30.99,4.7,1607615939
chicama,PE,-7.84,-79.15,75,88,66.2,9.17,1607615940
nizhniy baskunchak,RU,45.39,39.24,0,86,39.99,11.18,1607615940
pangnirtung,CA,66.15,-65.71,75,85,14.0,3.22,1607615940
hithadhoo,MV,-0.6,73.08,45,73,82.35,10.96,1607615940
adrar,MR,20.5,-10.07,50,15,76.59,11.32,1607615940
tessalit,ML,20.2,1.01,10,13,83.46,11.23,1607615941
kaitangata,NZ,-46.28,169.85,100,93,48.0,11.99,1607615941
ambatolampy,MG,-19.38,47.42,75,93,64.4,11.41,1607615941
aksu,CN,41.12,80.26,58,94,23.58,2.53,1607615941
alofi,NU,-19.06,-169.92,5,94,77.0,10.29,1607615942
kapit,MY,2.02,112.93,99,93,76.03,2.24,1607615942
ribeira grande,ES,42.75,-8.44,90,100,57.0,6.93,1607615942
yerbogachen,RU,61.28,108.01,96,87,-18.44,2.82,1607615942
deputatskiy,RU,69.3,139.9,22,83,-32.31,4.56,1607615943
geraldton,AU,-28.77,114.6,14,88,68.0,5.82,1607615943
touros,BR,-5.2,-35.46,75,62,86.0,13.87,1607615943
sao joao da barra,IN,20.51,76.21,1,41,71.28,9.46,1607615943
lincoln,US,40.8,-96.67,1,51,44.01,3.36,1607615903
cumnock,GB,55.45,-4.27,90,87,46.4,16.11,1607615944
yeniseysk,RU,58.45,92.17,100,93,0.25,5.68,1607615661
saskylakh,RU,71.92,114.08,100,86,-18.71,13.98,1607615944
camana,PE,-16.62,-72.71,0,60,72.68,10.11,1607615944
aguadilla,PR,18.43,-67.15,1,62,84.2,12.75,1607615944
pisco,PE,-13.7,-76.22,20,73,70.0,8.05,1607615667
huesca,ES,42.14,-0.41,0,71,51.01,21.92,1607615759
kavaratti,IN,10.57,72.64,0,77,83.25,14.29,1607615945
nechanice,CZ,50.24,15.63,90,82,37.4,4.7,1607615945
teresina,BR,-5.09,-42.8,75,49,89.6,10.29,1607615931
bowen,AU,-20.02,148.23,79,83,75.2,6.93,1607615945
lagoa,PT,39.05,-27.98,95,90,64.08,25.5,1607615946
cabo san lucas,BR,-8.28,-35.03,40,61,82.4,11.41,1607615708
salihorsk,BY,52.79,27.54,100,97,24.21,17.22,1607615946
lenart,SI,46.58,15.83,75,93,37.4,8.05,1607615946
luderitz,NA,-26.65,15.16,7,69,67.15,19.55,1607615946
lardos,GR,36.09,28.02,40,63,64.99,4.7,1607615946
yar-sale,RU,66.83,70.83,84,90,-8.19,4.59,1607615947
quesnel,CA,53.0,-122.5,90,92,28.4,2.17,1607615947
waingapu,ID,-9.66,120.26,98,78,81.5,8.14,1607615947
new norfolk,LR,6.65,-10.59,75,79,84.2,5.82,1607615895
kavieng,PG,-2.57,150.8,100,80,80.94,3.96,1607615948
tezu,IN,27.92,96.17,69,48,65.37,2.93,1607615948
havoysund,NO,71.0,24.66,75,80,35.6,5.82,1607615948
beringovskiy,RU,63.05,179.32,100,94,25.21,12.8,1607615948
lasa,IT,46.62,10.7,5,73,35.01,1.12,1607615948
salalah,OM,17.02,54.09,0,29,80.6,13.87,1607615949
kruisfontein,ZA,-34.0,24.73,86,87,66.99,1.01,1607615949
iqaluit,CA,63.75,-68.51,75,73,23.0,16.11,1607615949
bengkulu,ID,-3.8,102.27,99,87,75.45,5.01,1607615949
awbari,LY,26.59,12.78,0,32,59.7,5.44,1607615949
mar del plata,ES,43.4,-4.01,75,93,55.4,9.17,1607615950
kirkwood,US,38.58,-90.41,11,66,54.0,3.06,1607615950
sao filipe,IN,20.51,76.21,1,41,71.28,9.46,1607615950
montrose,US,38.42,-108.27,40,53,35.01,0.63,1607615950
dikson,RU,73.51,80.55,39,91,-12.28,13.65,1607615950
jos,NG,9.92,8.9,100,19,83.23,5.46,1607615951
ostrovnoy,RU,68.05,39.51,40,96,29.21,22.97,1607615951
mae sai,CN,34.82,108.93,0,100,26.6,2.24,1607615951
grindavik,IS,63.84,-22.43,0,80,41.0,13.87,1607615951
alakurtti,RU,66.97,30.35,100,95,30.99,4.0,1607615951
ardakan,IR,32.31,54.02,20,75,44.6,2.24,1607615952
inta,RU,66.03,60.17,86,94,13.24,20.33,1607615952
paamiut,GL,61.99,-49.67,0,71,25.68,4.74,1607615952
marawi,PH,8.0,124.29,11,94,73.99,4.0,1607615952
tual,ID,-5.67,132.75,96,73,83.48,2.55,1607615952
westport,US,41.14,-73.36,20,52,46.99,6.93,1607615906
airai,TL,-8.93,125.41,89,96,63.73,1.19,1607615953
eureka,US,40.8,-124.16,27,96,39.99,2.86,1607615808
vila franca do campo,PT,42.03,-8.16,100,96,54.0,5.99,1607615953
joensuu,FI,62.6,29.76,0,92,17.6,3.36,1607615953
mukhen,RU,48.1,136.1,86,95,14.16,4.52,1607615954
mandal,IN,25.45,74.57,0,33,68.04,3.94,1607615954
san patricio,ML,13.3,-4.9,22,10,98.55,9.22,1607615938
villanueva de cordoba,HN,15.32,-88.0,74,81,73.0,1.07,1607615711
russell,US,32.35,-85.2,1,81,55.99,1.43,1607615955
phek,IN,25.67,94.5,58,100,45.32,0.72,1607615955
hirara,JP,24.8,125.28,89,86,73.74,20.83,1607615955
praya,CV,14.92,-23.51,75,51,80.6,19.46,1607615955
souillac,MU,-20.52,57.52,75,69,77.0,13.87,1607615955
unity,CA,52.45,-109.17,100,94,20.73,3.69,1607615955
mogok,MM,22.92,96.5,0,100,54.39,1.05,1607615781
aykhal,RU,66.0,111.5,0,65,-40.0,4.47,1607615956
lima,PE,-12.04,-77.03,90,77,68.0,9.17,1607615852
tasiilaq,GL,65.61,-37.64,5,47,15.8,4.7,1607615956
bosaso,SO,11.28,49.18,100,52,77.65,7.61,1607615956
koulamoutou,GA,-1.13,12.47,52,65,85.1,1.39,1607615957
pavlovsk,RU,50.46,40.11,0,86,20.86,10.27,1607615957
lavrentiya,RU,65.58,-171.0,0,89,7.16,5.21,1607615957
mackay,AU,-21.15,149.2,40,65,77.0,12.75,1607615957
constitucion,CL,-35.33,-72.42,49,56,64.31,15.52,1607615957
grand river south east,US,38.88,-109.5,1,44,21.2,3.36,1607615957
port blair,CD,-7.03,29.76,100,72,76.08,2.82,1607615931
roald,NO,62.58,6.13,0,56,44.6,13.87,1607615958
hami,CN,42.8,93.45,4,85,19.44,1.5,1607615958
san lorenzo,ML,13.3,-4.9,22,10,98.55,9.22,1607615938
sitka,US,57.05,-135.33,90,56,42.8,12.75,1607615958
sur,OM,22.57,59.53,0,63,73.54,13.89,1607615959
grand-lahou,CI,5.14,-5.02,48,72,83.1,9.53,1607615959
fairbanks,US,64.84,-147.72,90,84,1.99,1.03,1607615951
makhachkala,RU,42.98,47.5,4,80,33.8,8.95,1607615911
vardo,NO,70.37,31.11,75,80,35.6,20.8,1607615760
tapiosag,HU,47.4,19.63,90,93,37.4,8.05,1607615959
kattivakkam,IN,13.22,80.32,40,88,77.0,2.24,1607615960
husavik,IS,66.04,-17.34,75,80,39.2,5.82,1607615960
cairns,AU,-16.92,145.77,90,78,78.8,8.05,1607615726
nouadhibou,MR,20.93,-17.03,0,36,77.0,12.75,1607615960
kismayo,SO,-0.36,42.55,11,73,80.83,14.07,1607615960
grand gaube,US,38.88,-109.5,1,44,21.2,3.36,1607615957
taoudenni,ML,22.68,-3.98,5,15,77.38,11.83,1607615961
mahebourg,MU,-20.41,57.7,75,69,77.0,13.87,1607615961
boca do acre,IT,45.68,8.41,56,85,45.0,2.1,1607615845
garowe,SO,8.41,48.48,11,24,80.42,8.72,1607615961
mikhaylovka,RU,50.06,43.24,0,85,18.45,7.94,1607615961
yenagoa,NG,4.92,6.26,94,78,82.56,6.02,1607615962
codrington,AU,-38.27,141.97,3,86,48.94,11.72,1607615962
san quintin,ML,13.3,-4.9,22,10,98.55,9.22,1607615943
wanlaweyn,SO,2.62,44.89,11,44,82.63,13.06,1607615962
buala,SB,-8.14,159.59,98,78,79.79,5.32,1607615962
sinnamary,GF,5.38,-52.95,63,71,83.86,10.67,1607615963
tocopilla,CL,-22.09,-70.2,8,47,71.33,8.05,1607615963
lebu,CL,-37.62,-73.65,38,79,58.68,8.75,1607615963
georgetown,MY,5.41,100.34,20,94,82.0,1.12,1607615829
yellowknife,CA,62.46,-114.35,75,84,3.2,9.17,1607615935
chapais,CA,49.78,-74.85,90,85,24.8,8.05,1607615762
trabzon,TR,40.92,39.83,0,71,51.8,6.93,1607615723
ilhabela,BR,-23.78,-45.36,41,80,76.12,6.17,1607615964
longyearbyen,SJ,78.22,15.64,75,66,15.8,12.75,1607615964
provost,CA,52.35,-110.27,100,92,10.4,1.12,1607615965
oranjemund,NA,-28.55,16.43,1,75,66.02,14.76,1607615965
stramtura,RO,47.78,24.13,40,100,43.0,2.24,1607615965
fortuna,US,40.6,-124.16,47,97,42.01,3.27,1607615965
upernavik,GL,72.79,-56.15,100,97,24.37,9.35,1607615965
hovd,MN,48.01,91.64,78,77,5.54,2.82,1607615966
kyshtovka,RU,56.55,76.63,100,95,12.6,11.07,1607615966
dudinka,RU,69.41,86.18,0,74,-27.4,4.47,1607615966
governador dix-sept rosado,BR,-5.56,-46.67,49,71,83.37,4.65,1607615966
takoradi,GH,4.88,-1.76,73,76,82.56,10.4,1607615966
klaksvik,FO,62.23,-6.59,100,93,44.6,24.16,1607615966
wanning,CN,18.8,110.4,100,89,69.15,10.27,1607615967
vanimo,PG,-2.67,141.3,100,79,79.43,4.61,1607615967
yaransk,RU,57.3,47.89,0,87,14.23,4.18,1607615967
kuznechikha,RU,57.22,42.33,40,93,17.01,6.24,1607615967
abdulino,RU,53.7,53.67,0,92,6.42,3.53,1607615967
tuatapere,NZ,-46.13,167.68,100,94,44.01,8.01,1607615968
pathein,MM,16.78,94.73,0,83,69.51,5.17,1607615968
xai-xai,MZ,-25.05,33.64,0,67,79.11,16.51,1607615968
norman wells,US,35.22,-97.44,1,43,55.99,10.29,1607615968
bubaque,GW,11.28,-15.83,3,53,83.88,7.23,1607615968
mys shmidta,RU,62.06,48.62,0,90,17.85,6.46,1607615969
yelizovo,RU,53.19,158.38,1,77,3.2,2.24,1607615969
narasannapeta,IN,18.42,84.05,0,75,70.83,2.01,1607615969
jalu,LY,29.03,21.55,14,49,63.3,11.45,1607615969
kodiak,US,57.79,-152.41,1,79,23.0,6.93,1607615768
pozhva,RU,59.09,56.08,0,90,11.73,1.7,1607615970
laiyang,CN,36.98,120.71,100,87,35.01,0.96,1607615970
provideniya,RU,64.38,-173.3,0,84,8.58,9.22,1607615970
tautira,PF,-17.73,-149.15,75,74,78.8,3.36,1607615970
bilma,NE,18.69,12.92,53,15,83.68,5.1,1607615970
vostok,RU,46.49,135.88,100,97,8.58,3.8,1607615971
nanortalik,GL,60.14,-45.24,73,82,28.22,2.77,1607615971
hambantota,LK,6.12,81.12,40,94,77.0,3.36,1607615971
marrakesh,MA,31.63,-8.01,29,52,68.0,3.36,1607615963
edson,CA,53.58,-116.44,1,85,17.6,3.85,1607615971
abbeville,FR,50.1,1.83,20,84,42.01,10.83,1607615843
ahipara,NZ,-35.17,173.17,100,91,60.24,6.55,1607615972
victoria,HK,22.29,114.16,91,85,68.0,5.01,1607615883
manakara,MG,-22.13,48.02,99,83,75.63,10.0,1607615972
bandarbeyla,SO,9.49,50.81,0,60,76.46,21.16,1607615972
hay river,GB,52.07,-3.13,100,93,46.0,5.99,1607615972
axim,GH,4.87,-2.24,45,76,82.33,9.17,1607615972
ishigaki,JP,24.34,124.16,91,88,74.19,20.98,1607615973
inhambane,MZ,-23.86,35.38,20,65,82.4,9.17,1607615973
altamira,BR,-3.2,-52.21,75,66,87.8,11.41,1607615973
marsabit,KE,2.33,37.99,57,67,69.3,8.39,1607615973
rawson,AR,-43.3,-65.1,13,19,81.25,14.88,1607615973
wajima,JP,37.4,136.9,62,73,51.8,10.04,1607615973
butaritari,KI,3.07,172.79,42,76,81.64,8.39,1607615974
mahibadhoo,MV,3.78,72.97,76,75,82.6,7.67,1607615974
kholodnyy,RU,62.72,147.95,100,82,-29.56,1.68,1607615974
launceston,AU,-41.45,147.17,34,70,48.0,8.05,1607615974
saint-augustin,CA,51.23,-58.65,99,93,33.21,8.52,1607615974
clyde river,US,41.3,-82.98,0,87,42.01,6.4,1607615974
tateyama,JP,34.98,139.87,40,93,48.2,3.36,1607615975
yumen,CN,40.28,97.2,45,89,18.82,12.84,1607615975
vanderhoof,CA,54.02,-124.02,100,97,22.44,2.82,1607615975
veraval,IN,20.9,70.37,71,73,76.08,2.3,1607615976
praia,CV,14.92,-23.51,75,51,80.6,19.46,1607615976
beyneu,KZ,45.32,55.2,2,93,20.21,5.95,1607615976
neckarsulm,DE,49.19,9.23,15,89,35.01,2.95,1607615977
aguia branca,BR,-6.5,-69.43,75,88,81.88,3.96,1607615977
tazovskiy,RU,67.47,78.7,0,87,-21.15,5.59,1607615977
matagami,CA,49.75,-77.63,90,100,26.6,6.93,1607615977
ust-ilimsk,RU,58.0,102.66,95,87,-18.06,4.09,1607615978
lorengau,PG,-2.02,147.27,86,72,82.71,6.11,1607615978
narsaq,GL,60.92,-46.05,5,34,21.2,1.12,1607615978
kirakira,SB,-10.45,161.92,49,81,78.98,2.91,1607615978
teya,RU,60.38,92.63,100,86,-13.11,2.46,1607615979
kaabong,UG,3.48,34.15,39,42,72.93,13.65,1607615979
kovernino,RU,57.13,43.81,27,93,16.56,5.57,1607615979
itarema,BR,-2.92,-39.92,76,54,87.6,15.68,1607615979
haines junction,US,59.23,-135.44,90,80,37.4,12.75,1607615979
nieuwpoort,BE,51.12,2.77,20,86,39.2,6.93,1607615979
marica,BR,-22.92,-42.82,90,94,82.99,4.7,1607615980
bambous virieux,MU,-20.26,57.41,75,69,77.0,13.87,1607615980
kawalu,ID,-7.38,108.21,100,88,75.51,1.97,1607615980
petrozavodsk,RU,61.78,34.35,0,85,10.4,2.24,1607615980
wuxi,CN,31.57,120.29,100,90,48.99,3.67,1607615981
lucea,JM,18.45,-78.17,75,78,81.0,13.87,1607615981
tura,IN,25.52,90.22,0,75,61.32,3.27,1607615890
rajur,IN,20.12,78.92,0,52,70.09,2.59,1607615981
barcelos,PT,41.54,-8.62,75,100,59.0,6.93,1607615981
lompoc,US,34.64,-120.46,90,87,50.0,4.7,1607615981
kyaikkami,MM,16.08,97.57,10,67,77.85,1.39,1607615982
khandyga,RU,62.67,135.6,100,86,-24.32,2.42,1607615982
doha,QA,25.29,51.53,0,56,73.4,8.05,1607615982
carnarvon,AU,-24.87,113.63,40,94,73.4,10.29,1607615982
quelimane,MZ,-17.88,36.89,20,66,84.2,13.87,1607615982
constantine,DZ,36.37,6.61,75,71,50.0,9.17,1607615982
beloha,MG,-25.17,45.05,62,65,78.93,9.84,1607615983
san ignacio,ML,13.3,-4.9,22,10,98.55,9.22,1607615938
suwalki,PL,54.11,22.93,97,97,25.66,14.5,1607615983
banda aceh,IN,25.48,80.33,0,45,68.25,2.86,1607615983
garden city,DE,53.69,12.05,90,92,33.01,10.29,1607615983
ocos,GT,14.51,-92.19,20,83,82.4,5.82,1607615983
ust-tsilma,RU,65.44,52.15,12,94,19.81,8.72,1607615984
council bluffs,US,44.73,-116.44,0,88,27.41,4.45,1607615984
turukhansk,RU,65.82,87.98,78,86,-20.79,3.02,1607615984
eregli,TR,37.51,34.05,0,58,44.85,1.9,1607615984
coihaique,CL,-45.58,-72.07,75,62,57.2,5.82,1607615984
meulaboh,ID,4.14,96.13,100,92,74.35,9.57,1607615984
denpasar,ID,-8.65,115.22,20,83,84.2,5.82,1607615985
batagay-alyta,RU,67.8,130.41,98,85,-24.84,2.08,1607615985
champerico,GT,14.3,-91.92,75,69,80.6,4.7,1607615985
atherton,GB,53.52,-2.49,100,75,46.99,7.0,1607615985
murray bridge,US,40.67,-111.89,1,92,28.0,1.97,1607615985
kharp,RU,66.8,65.81,100,93,4.23,0.74,1607615986
riyadh,SA,24.69,46.72,0,37,66.2,6.93,1607615827
kisangani,CD,0.52,25.2,100,92,75.67,2.93,1607615986
ossora,RU,59.24,163.07,100,97,23.52,15.86,1607615986
uruguaiana,BR,-29.75,-57.09,0,48,86.0,13.87,1607615986
menongue,AO,-14.66,17.69,97,73,70.77,11.65,1607615987
jiamusi,CN,46.83,130.35,65,92,9.09,6.55,1607615987
gat,IL,31.61,34.76,69,35,66.0,4.65,1607615987
chardara,KZ,41.25,67.97,62,85,33.67,8.39,1607615987
prado,BR,-17.34,-39.22,1,63,84.0,17.38,1607615987
mitu,CO,1.2,-70.17,94,53,88.75,4.23,1607615988
puerto vallarta,ES,36.59,-6.23,40,88,64.4,17.22,1607615973
aketi,CD,2.74,23.78,100,56,83.26,2.68,1607615988
gizo,SB,-8.1,156.84,90,64,82.9,4.7,1607615988
shushtar,IR,32.05,48.86,0,54,62.87,1.63,1607615988
bintulu,MY,3.17,113.03,40,100,75.2,4.7,1607615989
shingu,JP,33.73,135.98,44,67,48.02,5.61,1607615989
saint-philippe,RE,-21.36,55.77,20,78,75.2,24.16,1607615989
trairi,BR,-3.28,-39.27,60,55,87.19,13.06,1607615989
kuusamo,FI,65.97,29.18,90,92,26.6,10.29,1607615989
lesnica,RS,44.65,19.31,90,93,42.01,2.24,1607615989
labuhan,ID,-6.88,112.21,100,84,80.87,12.41,1607615990
esperance,AU,-33.87,121.9,40,82,62.6,17.22,1607615990
lubumbashi,CD,-11.66,27.48,99,94,67.23,4.74,1607615882
palmer,US,42.16,-72.33,75,56,44.01,6.93,1607615990
san pedro,ML,13.3,-4.9,22,10,98.55,9.22,1607615943
ahuimanu,US,21.44,-157.84,40,94,71.6,5.08,1607615991
presidente medici,BR,-29.95,-50.11,8,69,75.0,10.16,1607615991
vila velha,PT,42.03,-8.16,100,96,54.0,5.99,1607615953
hasaki,JP,35.73,140.83,75,100,41.0,4.7,1607615991
mangrol,IN,21.12,70.12,80,76,76.15,5.64,1607615991
evensk,RU,61.95,159.23,100,91,14.07,16.96,1607615992
litovko,RU,49.24,135.17,83,93,11.97,2.57,1607615992
charters towers,US,38.57,-83.43,1,75,48.99,3.74,1607615992
luanda,AO,-8.84,13.23,20,66,84.2,13.87,1607615992
mitsamiouli,KM,-11.38,43.28,83,72,82.49,7.96,1607615992
rapar,IN,23.57,70.63,16,32,78.94,7.05,1607615992
kefalos,GR,36.75,26.96,40,63,64.4,19.46,1607615993
karratha,AU,-20.74,116.85,100,81,77.67,12.68,1607615993
pringsewu,ID,-5.36,104.97,96,90,74.79,2.57,1607615993
berlevag,NO,70.86,29.09,75,82,33.8,6.93,1607615993
maragogi,BR,-9.01,-35.22,50,66,83.55,14.29,1607615994
baruun-urt,MN,46.68,113.28,9,83,-3.75,5.12,1607615994
sabang,ID,5.89,95.32,95,79,80.73,5.73,1607615994
quezon,PH,7.73,125.1,10,88,73.26,2.59,1607615994
namibe,AO,-15.2,12.15,75,73,73.4,16.11,1607615994
chihuahua,MX,28.5,-106.0,40,45,60.01,15.28,1607615737
okahandja,NA,-21.98,16.92,0,10,88.95,23.47,1607615995
waddan,LY,29.16,16.14,0,32,60.03,8.84,1607615995
marystown,CA,47.17,-55.15,95,73,39.25,2.59,1607615995
sorland,NO,67.67,12.69,40,81,44.6,8.05,1607615995
palu,ID,-0.89,119.87,98,80,79.05,0.98,1607615995
saint-francois,FR,46.42,3.91,90,75,42.8,2.24,1607615996
caravelas,BR,-17.71,-39.25,4,60,85.3,14.43,1607615996
zvishavane,ZW,-20.33,30.07,74,44,83.16,4.94,1607615996
shubarshi,KZ,48.59,57.19,63,96,13.33,4.72,1607615996
natal,BR,-5.79,-35.21,75,62,86.0,13.87,1607615996
ewa beach,ID,-8.62,122.51,32,85,79.12,6.67,1607615997
xiuyan,CN,40.29,123.27,0,88,30.22,2.59,1607615997
qaqortoq,GL,60.72,-46.03,5,34,21.2,1.12,1607615997
daru,PG,-9.08,143.21,100,81,79.52,4.76,1607615997
moussoro,TD,13.64,16.49,6,11,92.12,8.84,1607615998
korla,CN,41.76,86.15,5,91,23.77,1.77,1607615998
rajgarh,IN,28.63,75.38,0,39,68.59,6.89,1607615998
miami,US,25.77,-80.19,40,59,66.0,10.29,1607615369
port macquarie,CD,-7.03,29.76,100,72,76.08,2.82,1607615931
tecoanapa,MX,16.52,-98.75,77,64,83.95,1.39,1607615999
oksfjord,NO,70.24,22.35,75,86,39.2,10.29,1607615999
artesia,US,33.87,-118.08,40,66,51.8,3.8,1607615999
odweyne,SO,9.41,45.06,64,44,69.22,14.0,1607615999
akureyri,IS,65.68,-18.09,75,80,39.2,5.82,1607615999
port-gentil,GA,-0.72,8.78,40,74,84.2,13.87,1607615783
morant bay,JM,17.9,-76.43,75,69,82.4,4.7,1607616001
loiza,PR,18.43,-65.88,40,74,82.4,6.93,1607616004
zhigansk,RU,66.77,123.37,100,84,-29.63,7.27,1607616006
nemuro,JP,43.32,145.57,35,75,39.29,11.18,1607616015
samarai,PG,-10.62,150.67,35,76,81.37,6.24,1607616016
behbahan,IR,30.6,50.24,0,62,55.4,6.82,1607616020
leshukonskoye,RU,64.9,45.76,2,94,19.15,7.81,1607616021
kemi,FI,65.86,24.82,90,96,33.8,13.87,1607616021
rocha,UY,-34.48,-54.33,0,34,91.33,8.9,1607616022
yakeshi,CN,49.28,120.73,20,86,-5.91,11.56,1607615801
sydney mines,AU,-33.87,151.21,100,64,64.99,13.0,1607615877
ullapool,GB,57.9,-5.16,98,58,43.0,5.99,1607616022
zhanaozen,KZ,43.3,52.8,2,91,20.46,7.99,1607616023
cagayan de tawi-tawi,PH,6.97,118.51,31,80,84.0,8.75,1607616023
sicuani,PE,-14.27,-71.23,81,32,62.06,3.91,1607616024
polunochnoye,RU,60.87,60.42,46,85,15.94,5.37,1607616024
khatanga,RU,71.97,102.5,90,84,-31.4,8.34,1607616025
richards bay,US,46.84,-95.91,20,89,34.0,13.87,1607616025
arcata,US,40.87,-124.08,1,93,41.0,6.93,1607616025
sao felix do xingu,IN,20.51,76.21,1,41,71.28,9.46,1607615943
douentza,ML,15.0,-2.95,0,10,95.11,9.31,1607616026
falam,MM,22.92,93.68,39,100,48.09,1.95,1607616027
morehead,US,37.27,-87.18,1,57,54.0,3.36,1607616027
ukiah,US,39.15,-123.21,1,56,37.0,2.91,1607615837
nesbyen,NO,60.57,9.1,99,95,27.0,2.15,1607616027
nishihara,JP,26.18,127.76,75,83,71.6,4.7,1607616028
bonavista,CA,48.65,-53.11,99,86,34.0,3.36,1607616028
banfora,BF,10.63,-4.77,0,11,98.91,6.51,1607616028
abu zabad,IN,24.6,72.7,3,42,59.36,4.85,1607616029
tommot,RU,58.96,126.29,100,87,-13.58,2.93,1607616029
poli,TZ,-3.33,36.8,75,88,82.4,5.82,1607616029
katobu,ID,-4.94,122.53,100,88,78.46,2.15,1607616029
dongying,CN,37.46,118.49,100,67,38.84,3.31,1607616029
burhar,IN,23.22,81.53,0,45,64.45,2.98,1607616030
bacolod,PH,10.67,122.95,52,81,79.0,5.66,1607616030
piranhas,BR,-16.43,-51.82,88,62,84.54,8.52,1607616031
yulara,AU,-25.24,130.99,90,77,66.2,12.75,1607616031
roxana,CR,10.28,-83.75,75,82,68.0,13.87,1607616032
port arthur,CD,-7.03,29.76,100,72,76.08,2.82,1607615924
north bend,FR,50.33,3.67,34,93,39.99,3.0,1607616032
nantucket,US,41.28,-70.1,75,65,44.6,16.11,1607616005
trindade,BR,-16.65,-49.49,75,61,78.8,11.41,1607616032
kjollefjord,NO,70.95,27.35,75,80,35.6,5.82,1607616033
pervomayskiy,RU,53.25,40.29,0,83,20.53,9.6,1607616033
pokhara,NP,28.23,83.98,0,53,57.88,2.77,1607616033
okhotsk,RU,59.38,143.3,0,86,-11.11,12.64,1607616034
lethem,GY,3.38,-59.8,68,49,90.48,10.36,1607616034
byron bay,US,44.03,-92.65,1,67,44.01,9.17,1607616034
taltal,CL,-25.4,-70.48,22,59,66.38,4.54,1607616035
aswan,EG,24.09,32.91,0,22,76.71,10.09,1607616035
mount gambier,GB,53.66,-1.85,100,96,41.0,4.0,1607616035
san pedro de macoris,ML,13.3,-4.9,22,10,98.55,9.22,1607615938
prainha,BR,-1.8,-53.48,57,51,89.38,7.09,1607616036
karla,EE,59.37,24.93,0,79,25.0,8.05,1607616036
san policarpo,ML,13.3,-4.9,22,10,98.55,9.22,1607615938
maniitsoq,GL,65.42,-52.9,83,87,21.61,5.88,1607616036
piastow,PL,52.18,20.84,90,92,32.0,9.17,1607616037
acapulco,MX,16.86,-99.89,75,78,78.8,4.7,1607616037
naze,JP,28.37,129.48,75,94,69.8,12.75,1607616037
solnechnyy,RU,50.72,136.63,100,93,7.54,1.1,1607616037
hervey bay,US,33.5,-93.78,1,50,57.99,8.05,1607616038
kathmandu,NP,27.72,85.32,20,87,53.6,0.6,1607615786
prestea,GH,5.43,-2.14,94,77,82.29,5.39,1607616038
giresun,TR,40.5,38.5,0,76,50.0,3.36,1607616039
grand centre,US,38.88,-109.5,1,44,21.2,3.36,1607615957
dongsheng,CN,39.82,109.98,0,91,14.61,10.38,1607616040
oktyabrskoye,RU,43.06,44.74,90,92,30.2,6.71,1607616040
kabo,CF,7.7,18.63,70,16,92.52,2.66,1607616040
pingliang,CN,35.54,106.69,73,89,26.65,1.99,1607616041
hobyo,SO,5.35,48.53,49,70,79.9,19.33,1607616041
vysokogornyy,RU,50.12,139.15,100,93,2.1,1.79,1607616042
christchurch,NZ,-43.53,172.63,76,93,54.0,3.36,1607616042
pemangkat,ID,1.17,108.97,100,86,79.43,7.58,1607615959
peterhead,GB,57.51,-1.8,75,93,45.0,19.46,1607616042
san jose de tarros,ML,13.3,-4.9,22,10,98.55,9.22,1607616006
phan thiet,TH,19.55,99.74,0,100,63.0,3.36,1607616043
yuanping,CN,38.72,112.76,0,80,24.82,2.84,1607616043
juegang,CN,32.32,121.19,100,81,51.01,4.36,1607616043
boa esperanca,CM,4.43,8.97,53,70,82.62,6.49,1607616044
bagotville,AU,-28.98,153.42,75,77,71.6,5.82,1607616044
mount darwin,GB,53.66,-1.85,100,96,41.0,4.0,1607616045
tromso,NO,69.65,18.96,75,86,37.4,8.05,1607616045
brae,GB,60.4,-1.35,40,81,46.4,24.16,1607616046
sola,VU,-13.88,167.55,40,88,82.4,17.2,1607616046
vestmannaeyjar,IS,63.44,-20.27,90,93,42.8,27.51,1607616046
semey,KZ,50.41,80.23,90,85,19.4,15.66,1607615965
boyabat,TR,41.47,34.77,93,59,45.59,0.63,1607616047
mazagao,BR,-0.12,-51.29,75,70,87.8,9.17,1607616047
saldanha,ZA,-33.01,17.94,15,49,73.4,11.41,1607616048
kaeo,NZ,-35.1,173.78,100,92,58.98,3.89,1607616048
kailua,US,21.4,-157.74,40,94,71.6,5.5,1607616048
abalak,RU,58.13,68.59,0,95,8.4,5.19,1607616049
lata,PT,40.16,-8.33,100,96,59.0,7.0,1607616049
paita,PE,-5.09,-81.11,0,69,77.0,8.9,1607616049
cordoba,AR,-31.41,-64.18,0,28,96.01,20.8,1607615827
mata,PT,40.68,-7.46,100,94,57.0,1.99,1607616050
taksimo,RU,56.34,114.88,100,80,-12.08,3.94,1607616050
bandraboua,YT,-12.7,45.12,75,74,82.4,2.24,1607616050
bouillante,GP,16.13,-61.77,75,65,82.4,11.41,1607616050
dir,PK,35.21,71.88,0,60,40.93,8.03,1607616046
port hedland,CD,-7.03,29.76,100,72,76.08,2.82,1607616051
aitape,PG,-3.14,142.35,100,78,79.86,3.71,1607616051
petropavlovsk-kamchatskiy,RU,53.05,158.65,1,77,3.2,2.24,1607616024
powassan,CA,46.03,-79.35,90,86,35.01,4.7,1607616052
ternate,ID,0.8,127.4,23,76,82.17,4.72,1607616052
cockburn harbour,AU,-32.08,141.0,63,22,69.8,14.99,1607616053
campoalegre,CO,2.68,-75.32,22,64,80.96,2.64,1607616053
flinders,AU,-34.58,150.86,84,66,62.01,11.23,1607616053
halifax,CA,44.65,-63.57,90,93,36.0,10.29,1607615866
ixtapa,MX,20.7,-105.2,75,83,75.99,2.75,1607616053
khuzhir,RU,53.19,107.34,98,88,3.09,10.54,1607616054
vestmanna,FO,62.16,-7.17,100,93,44.6,24.16,1607616054
veseloyarsk,RU,51.28,81.11,100,95,10.18,12.66,1607616054
qasigiannguit,GL,68.82,-51.19,40,44,19.4,3.36,1607616054
agirish,RU,61.92,63.02,59,91,16.66,9.1,1607616055
nizwa,OM,22.93,57.53,14,54,63.32,4.59,1607616055
yicheng,CN,31.37,119.87,100,81,48.99,3.89,1607616055
sioux lookout,US,42.73,-96.23,1,67,39.99,12.75,1607616056
mehamn,NO,71.04,27.85,75,80,35.6,5.82,1607616056
northam,GB,51.03,-4.22,93,95,48.99,5.99,1607616056
wick,GB,58.43,-3.08,75,81,46.4,19.46,1607616057
nanyamba,TZ,-10.68,39.83,20,70,84.2,13.87,1607616057
gidole,ET,5.65,37.37,35,44,63.64,2.86,1607616057
esso,RU,55.93,158.7,92,88,8.78,7.27,1607616058
kloulklubed,PW,7.04,134.26,75,94,78.8,3.36,1607616058
annamalainagar,IN,11.4,79.73,99,76,76.23,8.95,1607616058
harper,LR,4.38,-7.72,21,73,83.03,9.26,1607616058
koulikoro,ML,14.0,-7.75,0,12,95.25,8.79,1607616059
mashhad,IR,36.3,59.61,40,86,37.4,6.93,1607615942
manta,EC,-0.95,-80.73,75,78,78.8,9.17,1607616059
fare,PF,-16.7,-151.02,100,74,80.38,15.93,1607616060
rondonopolis,BR,-16.47,-54.64,97,42,93.88,2.84,1607615998
novobiryusinskiy,RU,56.96,97.71,100,90,-3.62,3.87,1607616061
ensley,US,30.52,-87.27,1,93,61.0,2.59,1607616061
freeport,US,40.66,-73.58,1,49,48.0,10.29,1607615927
vila do maio,PT,42.03,-8.16,100,96,54.0,3.0,1607616062
rosita,NI,13.93,-84.4,83,72,75.49,5.95,1607616062
dickinson,US,29.46,-95.05,1,82,71.01,7.94,1607616037
paraiso,CR,9.84,-83.87,75,82,68.0,13.87,1607616062
cabo rojo,BR,-8.28,-35.03,40,61,82.4,11.41,1607616030
phan rang,TH,19.55,99.74,0,100,63.0,3.36,1607616063
lakes entrance,US,61.61,-149.31,90,73,23.0,6.93,1607616063
olkhovka,RU,53.21,60.61,0,91,7.48,3.58,1607616064
ust-maya,RU,60.42,134.53,100,86,-24.16,2.08,1607616064
comodoro rivadavia,BR,-13.66,-59.79,97,86,76.55,4.74,1607616064
genhe,CN,50.78,121.52,0,86,-11.16,4.59,1607616064
brest,BY,52.1,23.7,100,97,30.9,15.26,1607616000
akyab,MM,20.15,92.9,0,74,71.69,7.52,1607616065
villamontes,BO,-21.25,-63.5,0,55,91.4,4.14,1607616065
steamboat springs,CA,58.68,-123.72,5,84,1.4,4.7,1607616001
santa maria,PH,17.49,120.43,15,84,78.03,3.56,1607616047
karacakoy,TR,41.4,28.38,0,48,60.8,14.99,1607616065
pomerode,BR,-26.74,-49.18,84,66,86.0,3.53,1607615909
iskateley,RU,67.68,53.15,98,96,22.66,19.01,1607616066
nome,US,64.5,-165.41,1,76,-9.4,6.93,1607615778
morondava,MG,-20.28,44.28,91,71,83.35,8.41,1607616066
miedzyrzecz,PL,52.44,15.58,90,92,34.0,5.82,1607616067
